hillary_clinton,economic_policy,jobs_and_minimum_wage
hillary_clinton,economic_policy,trade
hillary_clinton,economic_policy,capitalism_and_economic_philosophy
hillary_clinton,economic_policy,financial_regulation_and_wall_street_reform
hillary_clinton,economic_policy,health_care
hillary_clinton,economic_policy,social_security_tax_cap
hillary_clinton,economic_policy,subprime_mortgage_crisis_relief
hillary_clinton,economic_policy,campaign_finance
hillary_clinton,economic_policy,fiscal_policy_and_taxation
hillary_clinton,economic_policy,bankruptcy
hillary_clinton,energy_policy,overview
hillary_clinton,energy_policy,nuclear_power
hillary_clinton,energy_policy,climate_change
hillary_clinton,energy_policy,coal
hillary_clinton,energy_policy,renewable_energy
hillary_clinton,energy_policy,keystone_xl_pipeline
hillary_clinton,energy_policy,ethanol
hillary_clinton,immigration_policy,overview
hillary_clinton,civil_liberties_and_democracy,overview
hillary_clinton,civil_liberties_and_democracy,voting_rights
hillary_clinton,civil_liberties_and_democracy,executive_authority
hillary_clinton,civil_liberties_and_democracy,americans_with_disabilities
hillary_clinton,civil_liberties_and_democracy,antiterrorism_and_domestic_surveillance
hillary_clinton,civil_liberties_and_democracy,government_secrecy
hillary_clinton,civil_liberties_and_democracy,gun_control
hillary_clinton,civil_liberties_and_democracy,habeas_corpus
hillary_clinton,civil_liberties_and_democracy,electoral_college
hillary_clinton,civil_liberties_and_democracy,flag_desecration
hillary_clinton,foreign_policy,homeland_security
hillary_clinton,foreign_policy,united_nations
hillary_clinton,foreign_policy,nato_and_us_relations_with_allies
hillary_clinton,foreign_policy,armenian_genocide
hillary_clinton,foreign_policy,iran
hillary_clinton,foreign_policy,cuban_embargo
hillary_clinton,foreign_policy,libya
hillary_clinton,foreign_policy,iraq_war
hillary_clinton,foreign_policy,russia_and_ukraine
hillary_clinton,foreign_policy,arabisraeli_conflict_relations_with_israel
hillary_clinton,foreign_policy,syria_and_fight_against_isil
hillary_clinton,foreign_policy,security_vs_human_rights
hillary_clinton,foreign_policy,humanitarian_intervention_abroad
hillary_clinton,political_philosophy,as_described_by_herself
hillary_clinton,political_philosophy,scales_and_rankings
hillary_clinton,social_policy,death_penalty
hillary_clinton,social_policy,native_american_issues
hillary_clinton,social_policy,veterans
hillary_clinton,social_policy,education
hillary_clinton,social_policy,womens_rights
hillary_clinton,social_policy,internet_neutrality
hillary_clinton,social_policy,video_game_regulation
hillary_clinton,social_policy,arts_and_culture
hillary_clinton,social_policy,environment
hillary_clinton,social_policy,racial_justice
hillary_clinton,social_policy,faithbased_initiatives
hillary_clinton,social_policy,church_and_state
hillary_clinton,social_policy,drug_policy
hillary_clinton,social_policy,abortion_and_birth_control
hillary_clinton,social_policy,stem_cell_research
hillary_clinton,social_policy,lgbt_rights
hillary_clinton,social_policy,crime
hillary_clinton,social_policy,poverty
hillary_clinton,social_policy,from_childhood_to_retirement
hillary_clinton,social_policy,income_inequality
